Tag,Attributes,Text
div,{'class': ['ohjcdob']},"Cenimy Twoją prywatnośćKliknij""AKCEPTUJĘ I PRZECHODZĘ DO SERWISU"", aby wyrazić zgodę na korzystanie w Internecie z technologii automatycznego gromadzenia i wykorzystywania danych oraz na przetwarzanie Twoich danych osobowych przezWirtualną Polskę,Zaufanych Partnerów IAB(865 partnerów) oraz pozostałychZaufanych Partnerów(402 partnerów) a także udostępnienie przez nas ww. Zaufanym Partnerom przypisanych Ci identyfikatorów w celach marketingowych (w tym do zautomatyzowanego dopasowania reklam do Twoich zainteresowań i mierzenia ich skuteczności) i pozostałych, które wskazujemy poniżej. Możesz również podjąć decyzję w sprawie udzielenia zgody w ramachustawień zaawansowanych.Na podstawie udzielonej przez Ciebie zgodyWirtualna Polska,Zaufani Partnerzy IABoraz pozostaliZaufani Partnerzybędą przetwarzać Twoje dane osobowe zbierane w Internecie (m.in. na serwisach partnerów e-commerce), w tym za pośrednictwem formularzy, takie jak: adresy IP, identyfikatory Twoich urządzeń i identyfikatory plików cookies oraz inne przypisane Ci identyfikatory i informacje o Twojej aktywności w Internecie. Dane te będą przetwarzane w celu: przechowywania informacji na urządzeniu lub dostępu do nich, wykorzystywania ograniczonych danych do wyboru reklam, tworzenia profili związanych z personalizacją reklam, wykorzystania profili do wyboru spersonalizowanych reklam, tworzenia profili z myślą o personalizacji treści, wykorzystywania profili w doborze spersonalizowanych treści, pomiaru wydajności reklam, pomiaru wydajności treści, poznawaniu odbiorców dzięki statystyce lub kombinacji danych z różnych źródeł, opracowywania i ulepszania usług, wykorzystywania ograniczonych danych do wyboru treści.W ramach funkcji i funkcji specjalnychWirtualna Polskamoże podejmować następujące działania:Dopasowanie i łączenie danych z innych źródełŁączenie różnych urządzeńIdentyfikacja urządzeń na podstawie informacji przesyłanych automatycznieAktywne skanowanie charakterystyki urządzenia do celów identyfikacjiCele przetwarzania Twoich danych przezZaufanych Partnerów IABoraz pozostałychZaufanych Partnerówsą następujące:Przechowywanie informacji na urządzeniu lub dostęp do nichWykorzystywanie ograniczonych danych do wyboru reklamTworzenie profili w celu spersonalizowanych reklamWykorzystanie profili do wyboru spersonalizowanych reklamTworzenie profili w celu personalizacji treściWykorzystywanie profili w celu doboru spersonalizowanych treściPomiar efektywności reklamPomiar efektywności treściRozumienie odbiorców dzięki statystyce lub kombinacji danych z różnych źródełRozwój i ulepszanie usługWykorzystywanie ograniczonych danych do wyboru treściZapewnienie bezpieczeństwa, zapobieganie oszustwom i naprawianie błędówDostarczanie i prezentowanie reklam i treściZapisanie decyzji dotyczących prywatności oraz informowanie o nichW ramach funkcji i funkcji specjalnych nasiZaufani Partnerzy IABoraz pozostaliZaufani Partnerzymogą podejmować następujące działania:Dopasowanie i łączenie danych z innych źródełŁączenie różnych urządzeńIdentyfikacja urządzeń na podstawie informacji przesyłanych automatycznieAktywne skanowanie charakterystyki urządzenia do celów identyfikacjiDla podjęcia powyższych działań nasiZaufani Partnerzy IABoraz pozostaliZaufani Partnerzyrównież potrzebują Twojej zgody, którą możesz udzielić poprzez kliknięcie w przycisk""AKCEPTUJĘ I PRZECHODZĘ DO SERWISU""lub podjąć decyzję w sprawie udzielenia zgody w ramachustawień zaawansowanych.Cele przetwarzania Twoich danych bez konieczności uzyskania Twojej zgody w oparciu o uzasadniony interesWirtualnej Polski,Zaufanych Partnerów IABoraz możliwość sprzeciwienia się takiemu przetwarzaniu znajdziesz wustawieniach zaawansowanych.Cele, cele specjalne, funkcje i funkcje specjalne przetwarzania szczegółowo opisujemy wustawieniach zaawansowanych.Serwisy partnerów e-commerce, z których możemy przetwarzać Twoje dane osobowe na podstawie udzielonej przez Ciebie zgodyznajdziesz tutaj.Zgoda jest dobrowolna i możesz ją w dowolnym momencie wycofać wywołując ponownie okno z ustawieniami poprzez kliknięcie w link ""Ustawienia prywatności"" znajdujący się w stopce każdego serwisu.Pamiętaj, że udzielając zgody Twoje dane będą mogły być przekazywane do naszych Zaufanych Partnerów z państw trzecich tj. z państw spoza Europejskiego Obszaru Gospodarczego.Masz prawo żądania dostępu, sprostowania, usunięcia, ograniczenia, przeniesienia przetwarzania danych, złożenia sprzeciwu, złożenia skargi do organu nadzorczego na zasadach określonych wpolityce prywatności.Korzystanie z witryny bez zmiany ustawień Twojej przeglądarki oznacza, że pliki cookies będą umieszczane w Twoim urządzeniu końcowym.
  W celu zmiany ustawień prywatności możesz kliknąć w linkUstawienia zaawansowanelub ""Ustawienia prywatności"" znajdujący się w stopce każdego serwisu w ramach których będziesz mógł udzielić, odwołać zgodę lub w inny sposób zarządzać swoimi wyborami.
  Szczegółowe informacje na temat przetwarzania Twoich danych osobowych znajdziesz wpolityce prywatności.USTAWIENIA ZAAWANSOWANEAKCEPTUJĘ I PRZECHODZĘ DO SERWISU"
div,{'class': ['kjrarl6']},"Cenimy Twoją prywatnośćKliknij""AKCEPTUJĘ I PRZECHODZĘ DO SERWISU"", aby wyrazić zgodę na korzystanie w Internecie z technologii automatycznego gromadzenia i wykorzystywania danych oraz na przetwarzanie Twoich danych osobowych przezWirtualną Polskę,Zaufanych Partnerów IAB(865 partnerów) oraz pozostałychZaufanych Partnerów(402 partnerów) a także udostępnienie przez nas ww. Zaufanym Partnerom przypisanych Ci identyfikatorów w celach marketingowych (w tym do zautomatyzowanego dopasowania reklam do Twoich zainteresowań i mierzenia ich skuteczności) i pozostałych, które wskazujemy poniżej. Możesz również podjąć decyzję w sprawie udzielenia zgody w ramachustawień zaawansowanych.Na podstawie udzielonej przez Ciebie zgodyWirtualna Polska,Zaufani Partnerzy IABoraz pozostaliZaufani Partnerzybędą przetwarzać Twoje dane osobowe zbierane w Internecie (m.in. na serwisach partnerów e-commerce), w tym za pośrednictwem formularzy, takie jak: adresy IP, identyfikatory Twoich urządzeń i identyfikatory plików cookies oraz inne przypisane Ci identyfikatory i informacje o Twojej aktywności w Internecie. Dane te będą przetwarzane w celu: przechowywania informacji na urządzeniu lub dostępu do nich, wykorzystywania ograniczonych danych do wyboru reklam, tworzenia profili związanych z personalizacją reklam, wykorzystania profili do wyboru spersonalizowanych reklam, tworzenia profili z myślą o personalizacji treści, wykorzystywania profili w doborze spersonalizowanych treści, pomiaru wydajności reklam, pomiaru wydajności treści, poznawaniu odbiorców dzięki statystyce lub kombinacji danych z różnych źródeł, opracowywania i ulepszania usług, wykorzystywania ograniczonych danych do wyboru treści.W ramach funkcji i funkcji specjalnychWirtualna Polskamoże podejmować następujące działania:Dopasowanie i łączenie danych z innych źródełŁączenie różnych urządzeńIdentyfikacja urządzeń na podstawie informacji przesyłanych automatycznieAktywne skanowanie charakterystyki urządzenia do celów identyfikacjiCele przetwarzania Twoich danych przezZaufanych Partnerów IABoraz pozostałychZaufanych Partnerówsą następujące:Przechowywanie informacji na urządzeniu lub dostęp do nichWykorzystywanie ograniczonych danych do wyboru reklamTworzenie profili w celu spersonalizowanych reklamWykorzystanie profili do wyboru spersonalizowanych reklamTworzenie profili w celu personalizacji treściWykorzystywanie profili w celu doboru spersonalizowanych treściPomiar efektywności reklamPomiar efektywności treściRozumienie odbiorców dzięki statystyce lub kombinacji danych z różnych źródełRozwój i ulepszanie usługWykorzystywanie ograniczonych danych do wyboru treściZapewnienie bezpieczeństwa, zapobieganie oszustwom i naprawianie błędówDostarczanie i prezentowanie reklam i treściZapisanie decyzji dotyczących prywatności oraz informowanie o nichW ramach funkcji i funkcji specjalnych nasiZaufani Partnerzy IABoraz pozostaliZaufani Partnerzymogą podejmować następujące działania:Dopasowanie i łączenie danych z innych źródełŁączenie różnych urządzeńIdentyfikacja urządzeń na podstawie informacji przesyłanych automatycznieAktywne skanowanie charakterystyki urządzenia do celów identyfikacjiDla podjęcia powyższych działań nasiZaufani Partnerzy IABoraz pozostaliZaufani Partnerzyrównież potrzebują Twojej zgody, którą możesz udzielić poprzez kliknięcie w przycisk""AKCEPTUJĘ I PRZECHODZĘ DO SERWISU""lub podjąć decyzję w sprawie udzielenia zgody w ramachustawień zaawansowanych.Cele przetwarzania Twoich danych bez konieczności uzyskania Twojej zgody w oparciu o uzasadniony interesWirtualnej Polski,Zaufanych Partnerów IABoraz możliwość sprzeciwienia się takiemu przetwarzaniu znajdziesz wustawieniach zaawansowanych.Cele, cele specjalne, funkcje i funkcje specjalne przetwarzania szczegółowo opisujemy wustawieniach zaawansowanych.Serwisy partnerów e-commerce, z których możemy przetwarzać Twoje dane osobowe na podstawie udzielonej przez Ciebie zgodyznajdziesz tutaj.Zgoda jest dobrowolna i możesz ją w dowolnym momencie wycofać wywołując ponownie okno z ustawieniami poprzez kliknięcie w link ""Ustawienia prywatności"" znajdujący się w stopce każdego serwisu.Pamiętaj, że udzielając zgody Twoje dane będą mogły być przekazywane do naszych Zaufanych Partnerów z państw trzecich tj. z państw spoza Europejskiego Obszaru Gospodarczego.Masz prawo żądania dostępu, sprostowania, usunięcia, ograniczenia, przeniesienia przetwarzania danych, złożenia sprzeciwu, złożenia skargi do organu nadzorczego na zasadach określonych wpolityce prywatności.Korzystanie z witryny bez zmiany ustawień Twojej przeglądarki oznacza, że pliki cookies będą umieszczane w Twoim urządzeniu końcowym.
  W celu zmiany ustawień prywatności możesz kliknąć w linkUstawienia zaawansowanelub ""Ustawienia prywatności"" znajdujący się w stopce każdego serwisu w ramach których będziesz mógł udzielić, odwołać zgodę lub w inny sposób zarządzać swoimi wyborami.
  Szczegółowe informacje na temat przetwarzania Twoich danych osobowych znajdziesz wpolityce prywatności.USTAWIENIA ZAAWANSOWANEAKCEPTUJĘ I PRZECHODZĘ DO SERWISU"
div,{'class': ['yz7rlef']},"Cenimy Twoją prywatnośćKliknij""AKCEPTUJĘ I PRZECHODZĘ DO SERWISU"", aby wyrazić zgodę na korzystanie w Internecie z technologii automatycznego gromadzenia i wykorzystywania danych oraz na przetwarzanie Twoich danych osobowych przezWirtualną Polskę,Zaufanych Partnerów IAB(865 partnerów) oraz pozostałychZaufanych Partnerów(402 partnerów) a także udostępnienie przez nas ww. Zaufanym Partnerom przypisanych Ci identyfikatorów w celach marketingowych (w tym do zautomatyzowanego dopasowania reklam do Twoich zainteresowań i mierzenia ich skuteczności) i pozostałych, które wskazujemy poniżej. Możesz również podjąć decyzję w sprawie udzielenia zgody w ramachustawień zaawansowanych.Na podstawie udzielonej przez Ciebie zgodyWirtualna Polska,Zaufani Partnerzy IABoraz pozostaliZaufani Partnerzybędą przetwarzać Twoje dane osobowe zbierane w Internecie (m.in. na serwisach partnerów e-commerce), w tym za pośrednictwem formularzy, takie jak: adresy IP, identyfikatory Twoich urządzeń i identyfikatory plików cookies oraz inne przypisane Ci identyfikatory i informacje o Twojej aktywności w Internecie. Dane te będą przetwarzane w celu: przechowywania informacji na urządzeniu lub dostępu do nich, wykorzystywania ograniczonych danych do wyboru reklam, tworzenia profili związanych z personalizacją reklam, wykorzystania profili do wyboru spersonalizowanych reklam, tworzenia profili z myślą o personalizacji treści, wykorzystywania profili w doborze spersonalizowanych treści, pomiaru wydajności reklam, pomiaru wydajności treści, poznawaniu odbiorców dzięki statystyce lub kombinacji danych z różnych źródeł, opracowywania i ulepszania usług, wykorzystywania ograniczonych danych do wyboru treści.W ramach funkcji i funkcji specjalnychWirtualna Polskamoże podejmować następujące działania:Dopasowanie i łączenie danych z innych źródełŁączenie różnych urządzeńIdentyfikacja urządzeń na podstawie informacji przesyłanych automatycznieAktywne skanowanie charakterystyki urządzenia do celów identyfikacjiCele przetwarzania Twoich danych przezZaufanych Partnerów IABoraz pozostałychZaufanych Partnerówsą następujące:Przechowywanie informacji na urządzeniu lub dostęp do nichWykorzystywanie ograniczonych danych do wyboru reklamTworzenie profili w celu spersonalizowanych reklamWykorzystanie profili do wyboru spersonalizowanych reklamTworzenie profili w celu personalizacji treściWykorzystywanie profili w celu doboru spersonalizowanych treściPomiar efektywności reklamPomiar efektywności treściRozumienie odbiorców dzięki statystyce lub kombinacji danych z różnych źródełRozwój i ulepszanie usługWykorzystywanie ograniczonych danych do wyboru treściZapewnienie bezpieczeństwa, zapobieganie oszustwom i naprawianie błędówDostarczanie i prezentowanie reklam i treściZapisanie decyzji dotyczących prywatności oraz informowanie o nichW ramach funkcji i funkcji specjalnych nasiZaufani Partnerzy IABoraz pozostaliZaufani Partnerzymogą podejmować następujące działania:Dopasowanie i łączenie danych z innych źródełŁączenie różnych urządzeńIdentyfikacja urządzeń na podstawie informacji przesyłanych automatycznieAktywne skanowanie charakterystyki urządzenia do celów identyfikacjiDla podjęcia powyższych działań nasiZaufani Partnerzy IABoraz pozostaliZaufani Partnerzyrównież potrzebują Twojej zgody, którą możesz udzielić poprzez kliknięcie w przycisk""AKCEPTUJĘ I PRZECHODZĘ DO SERWISU""lub podjąć decyzję w sprawie udzielenia zgody w ramachustawień zaawansowanych.Cele przetwarzania Twoich danych bez konieczności uzyskania Twojej zgody w oparciu o uzasadniony interesWirtualnej Polski,Zaufanych Partnerów IABoraz możliwość sprzeciwienia się takiemu przetwarzaniu znajdziesz wustawieniach zaawansowanych.Cele, cele specjalne, funkcje i funkcje specjalne przetwarzania szczegółowo opisujemy wustawieniach zaawansowanych.Serwisy partnerów e-commerce, z których możemy przetwarzać Twoje dane osobowe na podstawie udzielonej przez Ciebie zgodyznajdziesz tutaj.Zgoda jest dobrowolna i możesz ją w dowolnym momencie wycofać wywołując ponownie okno z ustawieniami poprzez kliknięcie w link ""Ustawienia prywatności"" znajdujący się w stopce każdego serwisu.Pamiętaj, że udzielając zgody Twoje dane będą mogły być przekazywane do naszych Zaufanych Partnerów z państw trzecich tj. z państw spoza Europejskiego Obszaru Gospodarczego.Masz prawo żądania dostępu, sprostowania, usunięcia, ograniczenia, przeniesienia przetwarzania danych, złożenia sprzeciwu, złożenia skargi do organu nadzorczego na zasadach określonych wpolityce prywatności.Korzystanie z witryny bez zmiany ustawień Twojej przeglądarki oznacza, że pliki cookies będą umieszczane w Twoim urządzeniu końcowym.
  W celu zmiany ustawień prywatności możesz kliknąć w linkUstawienia zaawansowanelub ""Ustawienia prywatności"" znajdujący się w stopce każdego serwisu w ramach których będziesz mógł udzielić, odwołać zgodę lub w inny sposób zarządzać swoimi wyborami.
  Szczegółowe informacje na temat przetwarzania Twoich danych osobowych znajdziesz wpolityce prywatności.USTAWIENIA ZAAWANSOWANEAKCEPTUJĘ I PRZECHODZĘ DO SERWISU"
div,"{'class': ['i0j2g1m', 'en5c759']}","Cenimy Twoją prywatnośćKliknij""AKCEPTUJĘ I PRZECHODZĘ DO SERWISU"", aby wyrazić zgodę na korzystanie w Internecie z technologii automatycznego gromadzenia i wykorzystywania danych oraz na przetwarzanie Twoich danych osobowych przezWirtualną Polskę,Zaufanych Partnerów IAB(865 partnerów) oraz pozostałychZaufanych Partnerów(402 partnerów) a także udostępnienie przez nas ww. Zaufanym Partnerom przypisanych Ci identyfikatorów w celach marketingowych (w tym do zautomatyzowanego dopasowania reklam do Twoich zainteresowań i mierzenia ich skuteczności) i pozostałych, które wskazujemy poniżej. Możesz również podjąć decyzję w sprawie udzielenia zgody w ramachustawień zaawansowanych.Na podstawie udzielonej przez Ciebie zgodyWirtualna Polska,Zaufani Partnerzy IABoraz pozostaliZaufani Partnerzybędą przetwarzać Twoje dane osobowe zbierane w Internecie (m.in. na serwisach partnerów e-commerce), w tym za pośrednictwem formularzy, takie jak: adresy IP, identyfikatory Twoich urządzeń i identyfikatory plików cookies oraz inne przypisane Ci identyfikatory i informacje o Twojej aktywności w Internecie. Dane te będą przetwarzane w celu: przechowywania informacji na urządzeniu lub dostępu do nich, wykorzystywania ograniczonych danych do wyboru reklam, tworzenia profili związanych z personalizacją reklam, wykorzystania profili do wyboru spersonalizowanych reklam, tworzenia profili z myślą o personalizacji treści, wykorzystywania profili w doborze spersonalizowanych treści, pomiaru wydajności reklam, pomiaru wydajności treści, poznawaniu odbiorców dzięki statystyce lub kombinacji danych z różnych źródeł, opracowywania i ulepszania usług, wykorzystywania ograniczonych danych do wyboru treści.W ramach funkcji i funkcji specjalnychWirtualna Polskamoże podejmować następujące działania:Dopasowanie i łączenie danych z innych źródełŁączenie różnych urządzeńIdentyfikacja urządzeń na podstawie informacji przesyłanych automatycznieAktywne skanowanie charakterystyki urządzenia do celów identyfikacjiCele przetwarzania Twoich danych przezZaufanych Partnerów IABoraz pozostałychZaufanych Partnerówsą następujące:Przechowywanie informacji na urządzeniu lub dostęp do nichWykorzystywanie ograniczonych danych do wyboru reklamTworzenie profili w celu spersonalizowanych reklamWykorzystanie profili do wyboru spersonalizowanych reklamTworzenie profili w celu personalizacji treściWykorzystywanie profili w celu doboru spersonalizowanych treściPomiar efektywności reklamPomiar efektywności treściRozumienie odbiorców dzięki statystyce lub kombinacji danych z różnych źródełRozwój i ulepszanie usługWykorzystywanie ograniczonych danych do wyboru treściZapewnienie bezpieczeństwa, zapobieganie oszustwom i naprawianie błędówDostarczanie i prezentowanie reklam i treściZapisanie decyzji dotyczących prywatności oraz informowanie o nichW ramach funkcji i funkcji specjalnych nasiZaufani Partnerzy IABoraz pozostaliZaufani Partnerzymogą podejmować następujące działania:Dopasowanie i łączenie danych z innych źródełŁączenie różnych urządzeńIdentyfikacja urządzeń na podstawie informacji przesyłanych automatycznieAktywne skanowanie charakterystyki urządzenia do celów identyfikacjiDla podjęcia powyższych działań nasiZaufani Partnerzy IABoraz pozostaliZaufani Partnerzyrównież potrzebują Twojej zgody, którą możesz udzielić poprzez kliknięcie w przycisk""AKCEPTUJĘ I PRZECHODZĘ DO SERWISU""lub podjąć decyzję w sprawie udzielenia zgody w ramachustawień zaawansowanych.Cele przetwarzania Twoich danych bez konieczności uzyskania Twojej zgody w oparciu o uzasadniony interesWirtualnej Polski,Zaufanych Partnerów IABoraz możliwość sprzeciwienia się takiemu przetwarzaniu znajdziesz wustawieniach zaawansowanych.Cele, cele specjalne, funkcje i funkcje specjalne przetwarzania szczegółowo opisujemy wustawieniach zaawansowanych.Serwisy partnerów e-commerce, z których możemy przetwarzać Twoje dane osobowe na podstawie udzielonej przez Ciebie zgodyznajdziesz tutaj.Zgoda jest dobrowolna i możesz ją w dowolnym momencie wycofać wywołując ponownie okno z ustawieniami poprzez kliknięcie w link ""Ustawienia prywatności"" znajdujący się w stopce każdego serwisu.Pamiętaj, że udzielając zgody Twoje dane będą mogły być przekazywane do naszych Zaufanych Partnerów z państw trzecich tj. z państw spoza Europejskiego Obszaru Gospodarczego.Masz prawo żądania dostępu, sprostowania, usunięcia, ograniczenia, przeniesienia przetwarzania danych, złożenia sprzeciwu, złożenia skargi do organu nadzorczego na zasadach określonych wpolityce prywatności.Korzystanie z witryny bez zmiany ustawień Twojej przeglądarki oznacza, że pliki cookies będą umieszczane w Twoim urządzeniu końcowym.
  W celu zmiany ustawień prywatności możesz kliknąć w linkUstawienia zaawansowanelub ""Ustawienia prywatności"" znajdujący się w stopce każdego serwisu w ramach których będziesz mógł udzielić, odwołać zgodę lub w inny sposób zarządzać swoimi wyborami.
  Szczegółowe informacje na temat przetwarzania Twoich danych osobowych znajdziesz wpolityce prywatności."
